epoch,test_noise,images,loss,accuracy,balanced_accuracy,recall_Cat,recall_Dog,recall_Tiger,recall_Zebra
10,0.05,600,1.1990,0.5583,0.5583,0.5733,0.5933,0.6733,0.3933
10,0.1,600,1.2305,0.5467,0.5467,0.5800,0.5600,0.6600,0.3867
10,0.25,600,1.2744,0.4967,0.4967,0.4933,0.3533,0.6933,0.4467
10,0.5,600,1.3958,0.2583,0.2583,0.0333,0.0533,0.8867,0.0600
20,0.05,600,1.7451,0.5567,0.5567,0.5867,0.6600,0.4933,0.4867
20,0.1,600,1.7757,0.5467,0.5467,0.5667,0.6333,0.5133,0.4733
20,0.25,600,1.5549,0.5183,0.5183,0.5467,0.5000,0.4933,0.5333
20,0.5,600,1.3881,0.2583,0.2583,0.2467,0.0267,0.0067,0.7533
30,0.05,600,1.7942,0.5717,0.5717,0.5600,0.6600,0.6067,0.4600
30,0.1,600,1.8207,0.5750,0.5750,0.5467,0.6667,0.6200,0.4667
30,0.25,600,1.5339,0.5483,0.5483,0.5333,0.5467,0.5867,0.5267
30,0.5,600,1.3869,0.2383,0.2383,0.0133,0.5133,0.0000,0.4267
40,0.05,600,2.0850,0.5467,0.5467,0.5200,0.6200,0.6133,0.4333
40,0.1,600,2.0927,0.5517,0.5517,0.5133,0.6533,0.6000,0.4400
40,0.25,600,1.9237,0.5350,0.5350,0.4400,0.5933,0.6067,0.5000
40,0.5,600,1.3862,0.2417,0.2417,0.7467,0.0533,0.0000,0.1667
50,0.05,600,2.0892,0.5583,0.5583,0.4467,0.6800,0.6267,0.4800
50,0.1,600,2.0722,0.5517,0.5517,0.4533,0.6867,0.6000,0.4667
50,0.25,600,1.8276,0.5500,0.5500,0.3933,0.5933,0.6667,0.5467
50,0.5,600,1.3860,0.2367,0.2367,0.0533,0.0267,0.3667,0.5000
